subfolder	snapshot_time	year	time	package	version	submission_time	howlongago
Tyagi	1791054062	2026	16:47	gpciProgTyIImcmc	0.1.0	1787323620	43.2
Tyagi	1791054062	2026	17:34	gpcimcmc	0.1.0	1787326440	43.1
Tyagi	1791054062	2026	20:51	UniHybCensor	0.1.0	1787338260	43
Tyagi	1791054062	2026	17:57	ShewhartMedME	0.1.0	1787414220	42.1
Tyagi	1791054062	2026	19:09	CVChartME	0.1.0	1787418540	42.1
Tyagi	1791054062	2026	23:08	OneShotFrailty	0.1.0	1787432880	41.9
Tyagi	1791054062	2026	23:39	ClimIndQR	0.1.0	1787434740	41.9
Tyagi	1791054062	2026	00:12	PostLinkReg	0.1.0	1787436720	41.9
Tyagi	1791054062	2026	02:29	OneShotKofM	0.1.0	1787531340	40.8
Tyagi	1791054062	2026	19:31	AddSharedFrailty	0.1.0	1787592660	40.1
Tyagi	1791054062	2026	23:51	SharedRHRFrailty	0.1.0	1787608260	39.9
Tyagi	1791054062	2026	02:36	BivTeissier	0.1.0	1787618160	39.8
Tyagi	1791054062	2026	15:36	PHCFProc	0.1.0	1787664960	39.2
Tyagi	1791054062	2026	16:27	BivTrigBurr	0.1.0	1787668020	39.2
Tyagi	1791054062	2026	03:33	XGBCot	0.1.0	1787707980	38.7
Tyagi	1791054062	2026	04:11	BivITL	0.1.0	1787710260	38.7
Tyagi	1791054062	2026	18:17	SemiProgCensor	0.1.0	1787761020	38.1
Tyagi	1791054062	2026	22:58	SpaPRH	0.1.0	1787777880	37.9
Tyagi	1791054062	2026	12:57	SemiStepStress	0.1.0	1787914620	36.3
Tyagi	1791054062	2026	14:45	StatPHCP	0.1.0	1787921100	36.3
Tyagi	1791054062	2026	14:46	TwoSampleBASP	0.1.0	1787921160	36.3
Tyagi	1791054062	2026	20:04	CasConsecK	0.1.0	1787940240	36
Tyagi	1791054062	2026	01:03	GPALTPFD	0.1.0	1787958180	35.8
Tyagi	1791054062	2026	03:46	FrailtyBayes	0.1.0	1787967960	35.7
Tyagi	1791054062	2026	04:31	GWMASR	0.1.0	1787970660	35.7
Tyagi	1791054062	2026	14:07	corrFrailty	1.0.0	1788005220	35.3
Tyagi	1791054062	2026	23:55	gendiscrete	0.1.0	1788040500	34.9
Tyagi	1791054062	2026	02:56	StatWeibullProcess	0.1.0	1788051360	34.8
Tyagi	1791054062	2026	03:46	GofMarkov	0.1.0	1788054360	34.7
Tyagi	1791054062	2026	04:15	GofMarkovReg	0.1.0	1788056100	34.7
Tyagi	1791054062	2026	04:47	StatGEProcess	0.1.0	1788058020	34.7
Tyagi	1791054062	2026	05:29	CureStepStress	0.1.0	1788060540	34.6
Tyagi	1791054062	2026	16:19	BayesResCascade	0.1.0	1788099540	34.2
Tyagi	1791054062	2026	01:14	ZIPromFrailty	0.1.0	1788131640	33.8
Tyagi	1791054062	2026	03:54	LoadShareSys	0.1.0	1788141240	33.7
Tyagi	1791054062	2026	06:36	Chirp2D	0.1.0	1788150960	33.6
archive	1791054062	2026	13:09	ntgcalls	3.0.0.20	1788606540	28.3
archive	1791054062	2026	18:48	HMMscpg	1.0.0	1788626880	28.1
archive	1791054062	2026	22:49	HRTnomaly	26.9.5	1788641340	27.9
archive	1791054062	2026	23:13	lboxcox	2.0.1	1788642780	27.9
archive	1791054062	2026	14:15	ethnoecologyR	0.1.2	1788696900	27.3
archive	1791054062	2026	14:28	jsonlite	2.0.1	1788697680	27.3
archive	1791054062	2026	18:31	clampSeg	1.2-1	1788712260	27.1
archive	1791054062	2026	19:14	searchmeta	0.2.0	1788714840	27.1
archive	1791054062	2026	22:28	allometric	4.0.0	1788726480	26.9
archive	1791054062	2026	23:05	pcauxng	1.0.0	1788728700	26.9
archive	1791054062	2026	06:25	ethnoecologyR	0.1.3	1788755100	26.6
archive	1791054062	2026	10:49	dighum	1.01	1788770940	26.4
archive	1791054062	2026	19:40	ResistantProcrustes	0.1.0	1788802800	26.1
archive	1791054062	2026	20:40	daisytools	1.0.0	1788806400	26
archive	1791054062	2026	05:22	adaptsimex	0.1.0	1788837720	25.7
archive	1791054062	2026	10:34	WHcircular	0.5.4	1788856440	25.4
archive	1791054062	2026	14:08	IFARIMA	0.1.0	1788869280	25.3
archive	1791054062	2026	14:43	sharpapi	0.1.0	1788871380	25.3
archive	1791054062	2026	17:14	WHKMconf	0.9.1	1788880440	25.2
archive	1791054062	2026	03:02	resolveR	0.10.0	1788915720	24.7
archive	1791054062	2026	05:14	OSIRCRg	0.2.3	1788923640	24.7
archive	1791054062	2026	08:42	VasGBIF	3.7.0	1788936120	24.5
archive	1791054062	2026	09:44	WHKMconf	0.9.2	1788939840	24.5
archive	1791054062	2026	15:55	jekylldown	0.3.4	1788962100	24.2
archive	1791054062	2026	16:57	ERA5Flux	1.0.0	1788965820	24.2
archive	1791054062	2026	23:16	ocupacoesBR	0.8.0	1788988560	23.9
archive	1791054062	2026	00:31	networkformat	0.1.1	1788993060	23.9
archive	1791054062	2026	01:29	DepCensAudit	0.0.4	1788996540	23.8
archive	1791054062	2026	02:39	delta.sharing	0.2.0	1789000740	23.8
archive	1791054062	2026	07:31	rGSP	0.1.0	1789018260	23.6
archive	1791054062	2026	21:07	xbioclim	1.0.0	1789067220	23
archive	1791054062	2026	21:12	CNVScope	3.7.8	1789067520	23
archive	1791054062	2026	23:08	adlaplace	0.6.3	1789074480	22.9
archive	1791054062	2026	07:22	langgraphr	0.3.0	1789104120	22.6
archive	1791054062	2026	11:47	tsahr	0.2.5.1	1789120020	22.4
archive	1791054062	2026	15:49	Euclimatch	1.0.3	1789134540	22.2
archive	1791054062	2026	23:15	land4health	0.1.0	1789161300	21.9
archive	1791054062	2026	00:32	spmatMult	1.1.0	1789165920	21.9
archive	1791054062	2026	14:13	rpbnb	0.4.9	1789215180	21.3
archive	1791054062	2026	15:47	umg	0.6.0	1789220820	21.2
waiting	1791054062	2026	16:51	boost4r	1.91.0	1789224660	21.2
archive	1791054062	2026	17:11	rladybugdb	0.4.0	1789225860	21.2
archive	1791054062	2026	20:16	LTRCforests	0.8.5	1789236960	21
archive	1791054062	2026	20:17	robustDebiased	0.1.0	1789237020	21
archive	1791054062	2026	20:45	GarrettRank	0.1.2	1789238700	21
archive	1791054062	2026	20:49	GarrettRank	0.1.3	1789238940	21
archive	1791054062	2026	00:35	xbioclim	1.0.1	1789252500	20.9
archive	1791054062	2026	01:27	exnexSurv	1.4.0	1789255620	20.8
archive	1791054062	2026	02:53	rladybugdb	0.4.1	1789260780	20.8
archive	1791054062	2026	03:01	xbioclim	1.0.2	1789261260	20.8
archive	1791054062	2026	04:48	GarrettRank	0.1.4	1789267680	20.7
archive	1791054062	2026	08:15	toxplot	0.1.2	1789280100	20.5
archive	1791054062	2026	12:47	repo.data	0.2.3	1789296420	20.3
archive	1791054062	2026	14:06	rladybugdb	0.4.2	1789301160	20.3
archive	1791054062	2026	16:38	cndplantanalysis	1.0.0	1789310280	20.2
archive	1791054062	2026	17:36	IncAAM	1.08	1789313760	20.1
archive	1791054062	2026	20:07	educabr2	0.1.0	1789322820	20
archive	1791054062	2026	20:35	CORAtool	0.1.1	1789324500	20
archive	1791054062	2026	21:56	robustDebiased	0.2.0	1789329360	20
archive	1791054062	2026	04:39	forensicR	0.0.3	1789353540	19.7
archive	1791054062	2026	05:34	tidycreel	7.0.0	1789356840	19.6
archive	1791054062	2026	06:44	BayesRE	0.1.0	1789361040	19.6
archive	1791054062	2026	07:36	rapsimng.decide.sowing	0.1.0	1789364160	19.6
archive	1791054062	2026	07:39	rapsimng.decide.cultivar	0.1.0	1789364340	19.6
archive	1791054062	2026	07:43	rapsimng.decide.nitrogen	0.1.0	1789364580	19.6
archive	1791054062	2026	09:34	rtprep	0.1.0	1789371240	19.5
archive	1791054062	2026	11:52	BiFactorCopulaGAMM	0.1.9	1789379520	19.4
archive	1791054062	2026	12:15	IncAAM	1.8	1789380900	19.4
archive	1791054062	2026	13:46	tsahr	0.2.6	1789386360	19.3
archive	1791054062	2026	15:40	rpass	0.0.1	1789393200	19.2
archive	1791054062	2026	17:56	nemmo	0.1.0	1789401360	19.1
archive	1791054062	2026	18:10	rladybugdb	0.4.3	1789402200	19.1
archive	1791054062	2026	20:13	EDI	1.0.1	1789409580	19
archive	1791054062	2026	22:17	educabr2	0.1.1	1789417020	18.9
archive	1791054062	2026	04:07	rgrind	0.1.0	1789438020	18.7
archive	1791054062	2026	06:13	senaceR	0.1.0	1789445580	18.6
archive	1791054062	2026	06:19	rsDCM	0.1.0	1789445940	18.6
archive	1791054062	2026	06:33	oefar	0.1.0	1789446780	18.6
archive	1791054062	2026	09:11	tsahr	0.2.6.4	1789456260	18.5
archive	1791054062	2026	09:37	DetectOutlier	0.1.0	1789457820	18.5
archive	1791054062	2026	09:39	BoxDensityPlot	0.1.0	1789457940	18.5
archive	1791054062	2026	11:34	tsahr	0.2.6.5	1789464840	18.4
archive	1791054062	2026	12:21	ast2ast	1.0.1	1789467660	18.4
archive	1791054062	2026	13:41	gdalcubes	0.7.5	1789472460	18.3
archive	1791054062	2026	14:09	spatialcvR	0.1.0	1789474140	18.3
archive	1791054062	2026	15:01	OceanTracer	1.0.0	1789477260	18.3
archive	1791054062	2026	16:00	pecme	0.1.1	1789480800	18.2
archive	1791054062	2026	22:51	SyncER	1.0.0	1789505460	17.9
archive	1791054062	2026	04:46	bhm	1.20	1789526760	17.7
archive	1791054062	2026	05:53	land4health	0.2.0	1789530780	17.6
archive	1791054062	2026	06:48	kuzuR	0.2.5	1789534080	17.6
archive	1791054062	2026	07:00	metalabr	1.0.0	1789534800	17.6
archive	1791054062	2026	08:01	brochure	1.0.0	1789538460	17.5
archive	1791054062	2026	09:02	dragonfarm	0.1.1	1789542120	17.5
archive	1791054062	2026	10:55	crossRanger	0.2.0	1789548900	17.4
archive	1791054062	2026	13:17	factorDistADMM	0.1.2	1789557420	17.3
archive	1791054062	2026	17:00	NormGen	0.0.0.9000	1789570800	17.2
archive	1791054062	2026	19:07	legiretraite	0.1.5	1789578420	17.1
archive	1791054062	2026	03:02	adlaplace	0.6.4	1789606920	16.7
archive	1791054062	2026	03:38	ardea	0.0.5	1789609080	16.7
archive	1791054062	2026	06:29	oneearthr	1.0.1	1789619340	16.6
archive	1791054062	2026	07:19	rjd3filters	2.4.0	1789622340	16.6
archive	1791054062	2026	10:57	funcml	0.9.4	1789635420	16.4
archive	1791054062	2026	10:57	mimar	1.2.0	1789635420	16.4
archive	1791054062	2026	10:57	survalis	1.6.3	1789635420	16.4
archive	1791054062	2026	11:52	rjd3highfreq	3.0.0	1789638720	16.4
archive	1791054062	2026	13:36	dighum	1.1	1789644960	16.3
archive	1791054062	2026	13:56	KeyNubLicDongle	1.1.1	1789646160	16.3
archive	1791054062	2026	14:08	adlaplace	0.7.0	1789646880	16.3
archive	1791054062	2026	14:15	ardea	0.0.6	1789647300	16.3
archive	1791054062	2026	15:21	spifa	0.1.0	1789651260	16.2
archive	1791054062	2026	16:21	studyGenerics	0.1.3	1789654860	16.2
archive	1791054062	2026	17:16	tradesimr	0.18.4	1789658160	16.2
archive	1791054062	2026	17:27	ocupacoesBR	0.8.1	1789658820	16.1
archive	1791054062	2026	17:39	actisleep	0.1.0	1789659540	16.1
archive	1791054062	2026	17:58	studyGenerics	0.1.4	1789660680	16.1
archive	1791054062	2026	17:59	LexOPS	0.5.4	1789660740	16.1
archive	1791054062	2026	18:11	ardea	0.0.7	1789661460	16.1
archive	1791054062	2026	20:02	acR	0.3.4	1789668120	16
archive	1791054062	2026	20:08	rladybugdb	0.4.4	1789668480	16
archive	1791054062	2026	20:14	JMVN	0.1.0	1789668840	16
archive	1791054062	2026	23:12	studyGenerics	0.1.5	1789679520	15.9
archive	1791054062	2026	23:38	webformscore	2.1.0	1789681080	15.9
archive	1791054062	2026	03:20	tradesimr	0.18.5	1789694400	15.7
archive	1791054062	2026	06:23	ET0TempModels	1.0.0	1789705380	15.6
archive	1791054062	2026	07:48	ASW	1.1.1	1789710480	15.6
archive	1791054062	2026	08:54	tradesimr	0.18.6	1789714440	15.5
archive	1791054062	2026	10:39	h2oplyr	0.2.5	1789720740	15.4
archive	1791054062	2026	10:51	heaven	2026.09.17	1789721460	15.4
archive	1791054062	2026	10:52	DiagnostySize	0.1.0	1789721520	15.4
LH	1791054062	2026	11:44	webformscore	2.1.0	1789724640	15.4
archive	1791054062	2026	13:31	NlinTS	1.4.8	1789731060	15.3
archive	1791054062	2026	13:48	httpserver	0.1	1789732080	15.3
archive	1791054062	2026	14:36	NlinTS	1.4.9	1789734960	15.3
UL	1791054062	2026	15:00	zuyaml	0.1.0	1789736400	15.3
archive	1791054062	2026	15:01	zucsv	0.1.0	1789736460	15.3
archive	1791054062	2026	15:09	EventStudy	0.66.0	1789736940	15.2
archive	1791054062	2026	15:24	rjsf	0.1.0	1789737840	15.2
archive	1791054062	2026	18:18	par2circadian	0.1.0	1789748280	15.1
archive	1791054062	2026	18:24	appkitr	2.0.0.2	1789748640	15.1
archive	1791054062	2026	21:16	PrismR	1.0.0	1789758960	15
archive	1791054062	2026	23:01	RecoverMetricsR	0.1.0	1789765260	14.9
archive	1791054062	2026	01:58	tidymedia	0.2.0	1789775880	14.8
archive	1791054062	2026	03:50	surviveR	1.0.0	1789782600	14.7
archive	1791054062	2026	05:05	factorDistADMM	0.1.3	1789787100	14.7
archive	1791054062	2026	08:07	stagelife	0.1.0	1789798020	14.5
archive	1791054062	2026	13:43	QsRutils	0.3.0	1789818180	14.3
archive	1791054062	2026	15:34	repo.data	0.2.4	1789824840	14.2
archive	1791054062	2026	21:41	nomesbr	0.1.1	1789846860	14
archive	1791054062	2026	12:35	RBMRB	3.0.0	1789900500	13.4
archive	1791054062	2026	21:14	MCAtools	1.0.0	1789931640	13
archive	1791054062	2026	23:19	edubr	0.2.0	1789939140	12.9
archive	1791054062	2026	00:46	ValCont	0.1.0	1789944360	12.8
archive	1791054062	2026	01:11	writeLog	0.1.0	1789945860	12.8
archive	1791054062	2026	03:05	factorDistADMM	0.1.4	1789952700	12.7
archive	1791054062	2026	03:09	Dogoftest	0.4.1	1789952940	12.7
archive	1791054062	2026	04:46	sampleone	0.1.0	1789958760	12.7
archive	1791054062	2026	09:58	PICOTsize	0.1.0	1789977480	12.5
archive	1791054062	2026	13:13	cohortBuilder.db	1.0.0	1789989180	12.3
archive	1791054062	2026	13:17	contentiousR	0.1.0	1789989420	12.3
archive	1791054062	2026	13:18	alsdownloader	0.1.3	1789989480	12.3
archive	1791054062	2026	13:29	SurfaceMesh	0.0.1	1789990140	12.3
archive	1791054062	2026	14:33	OSIRCRg	0.3.1	1789993980	12.3
archive	1791054062	2026	15:12	SurfaceMesh	0.0.2	1789996320	12.2
archive	1791054062	2026	15:36	rjd3highfreq	3.0.1	1789997760	12.2
archive	1791054062	2026	15:45	tsspiral	0.1.0	1789998300	12.2
archive	1791054062	2026	15:56	eqty.sdk.r	0.9.0	1789998960	12.2
archive	1791054062	2026	15:58	whatsnew	1.0.0	1789999080	12.2
archive	1791054062	2026	18:11	psychds	0.1.0	1790007060	12.1
archive	1791054062	2026	18:29	wordbankr	2.0.0	1790008140	12.1
archive	1791054062	2026	19:21	eqty.sdk.r	0.9.1	1790011260	12.1
archive	1791054062	2026	23:34	installationDriver	1.0	1790026440	11.9
archive	1791054062	2026	00:26	CAs	0.24-1	1790029560	11.9
archive	1791054062	2026	01:18	dbcturbo	0.1.0	1790032680	11.8
archive	1791054062	2026	01:25	CAs	0.24-2	1790033100	11.8
archive	1791054062	2026	03:14	aquats	1.2.0	1790039640	11.7
archive	1791054062	2026	03:42	NSCA	0.4.3	1790041320	11.7
archive	1791054062	2026	05:09	NSCA	0.4.4	1790046540	11.7
archive	1791054062	2026	06:21	splitpopsurv	0.1.0	1790050860	11.6
UL	1791054062	2026	11:43	legiretraite	0.1.6	1790070180	11.4
archive	1791054062	2026	13:29	NlinTS	1.5.0	1790076540	11.3
archive	1791054062	2026	13:48	OHLpkg	2.6.0	1790077680	11.3
archive	1791054062	2026	15:14	lczexplore	0.1.0	1790082840	11.2
archive	1791054062	2026	15:34	kpe	0.1.0	1790084040	11.2
archive	1791054062	2026	16:05	RDML7	1.0	1790085900	11.2
archive	1791054062	2026	16:17	Gtheory4LLM	0.0.6	1790086620	11.2
archive	1791054062	2026	16:45	fastglmm	0.4.16	1790088300	11.2
archive	1791054062	2026	17:07	seurust	0.1.2	1790089620	11.2
archive	1791054062	2026	19:37	phenoworks	0.1.0	1790098620	11.1
archive	1791054062	2026	20:22	actisomni	0.2.0	1790101320	11
archive	1791054062	2026	22:05	psychdsish	0.2.2	1790107500	11
archive	1791054062	2026	22:53	sprintML	0.2.0	1790110380	10.9
archive	1791054062	2026	00:42	AlphaSDM	0.2.0	1790116920	10.8
archive	1791054062	2026	03:14	sommer	4.4.8	1790126040	10.7
archive	1791054062	2026	05:28	netmatchRI	0.1.0	1790134080	10.6
archive	1791054062	2026	05:40	fdb	0.2.0	1790134800	10.6
archive	1791054062	2026	06:29	bspam	1.2.6	1790137740	10.6
archive	1791054062	2026	06:31	starling	1.4.0	1790137860	10.6
archive	1791054062	2026	07:36	ZTRrecur	0.1.0	1790141760	10.6
archive	1791054062	2026	07:50	EMDSSAForecast	0.1.0	1790142600	10.5
archive	1791054062	2026	07:59	bowerbird	0.2.2	1790143140	10.5
archive	1791054062	2026	10:32	InterconectaR	1.0.1	1790152320	10.4
newbies	1791054062	2026	10:46	daisytools	1.0.1	1790153160	10.4
archive	1791054062	2026	10:53	starling	1.4.1	1790153580	10.4
archive	1791054062	2026	10:58	EmiStatR	1.2.4	1790153880	10.4
newbies	1791054062	2026	11:46	EmiStatR	1.2.5	1790156760	10.4
newbies	1791054062	2026	12:26	ertte	0.1.0	1790159160	10.4
newbies	1791054062	2026	12:38	treehunt	0.0.1	1790159880	10.3
newbies	1791054062	2026	13:02	AlphaSDM	0.2.0	1790161320	10.3
archive	1791054062	2026	13:02	geomorphR	0.1.0	1790161320	10.3
archive	1791054062	2026	13:12	DistributionalDDA	0.1.1	1790161920	10.3
newbies	1791054062	2026	13:21	geomorphR	0.1.0	1790162460	10.3
newbies	1791054062	2026	13:45	DistributionalDDA	0.1.1	1790163900	10.3
archive	1791054062	2026	14:48	cucumber	2.2.0	1790167680	10.3
newbies	1791054062	2026	14:54	tsspiral	0.1.1	1790168040	10.3
newbies	1791054062	2026	15:14	fdb	0.2.0	1790169240	10.2
newbies	1791054062	2026	15:37	Gtheory4LLM	0.2.0	1790170620	10.2
newbies	1791054062	2026	16:50	contentiousR	0.1.0	1790175000	10.2
newbies	1791054062	2026	18:31	glemb	0.1.3	1790181060	10.1
newbies	1791054062	2026	18:55	foceexecutorr	0.1.0	1790182500	10.1
newbies	1791054062	2026	20:02	ERA5Flux	1.0.0	1790186520	10
archive	1791054062	2026	20:18	NormGen	0.0.1	1790187480	10
newbies	1791054062	2026	20:28	ThesiStats	1.1.0	1790188080	10
archive	1791054062	2026	21:37	regsensitivity	0.2.0	1790192220	10
archive	1791054062	2026	02:16	investlabr	0.0.6	1790208960	9.8
newbies	1791054062	2026	04:01	splitpopsurv	0.1.0	1790215260	9.7
archive	1791054062	2026	05:28	postlink	0.1.2	1790220480	9.6
archive	1791054062	2026	07:04	fasterRaster	8.4.1.3	1790226240	9.6
newbies	1791054062	2026	07:26	latents	0.8.4	1790227560	9.6
newbies	1791054062	2026	08:24	CORAtool	0.1.2	1790231040	9.5
archive	1791054062	2026	09:35	AgroMetIndices	0.0.0.9000	1790235300	9.5
newbies	1791054062	2026	10:05	xyt	0.1.0	1790237100	9.5
archive	1791054062	2026	10:47	hilldiv3	3.0.0	1790239620	9.4
newbies	1791054062	2026	11:41	AgroMetIndices	0.1.0	1790242860	9.4
newbies	1791054062	2026	11:45	rapsimng.decide.cultivar	0.1.0	1790243100	9.4
newbies	1791054062	2026	11:49	rapsimng.decide.nitrogen	0.1.0	1790243340	9.4
newbies	1791054062	2026	11:52	rapsimng.decide.sowing	0.1.0	1790243520	9.4
newbies	1791054062	2026	12:59	investlabr	0.0.6.1	1790247540	9.3
archive	1791054062	2026	13:45	mgcv	1.9-5	1790250300	9.3
newbies	1791054062	2026	14:11	brapiR2	0.2.0	1790251860	9.3
newbies	1791054062	2026	14:29	rtprep	0.1.0	1790252940	9.3
newbies	1791054062	2026	16:31	xbioclim	1.0.3	1790260260	9.2
newbies	1791054062	2026	16:34	datazoom.saude	0.1.1	1790260440	9.2
newbies	1791054062	2026	17:00	quadriceps	0.1.0	1790262000	9.2
archive	1791054062	2026	17:24	varPro	3.3.1	1790263440	9.2
archive	1791054062	2026	17:27	causaljudgment	0.1.0	1790263620	9.1
newbies	1791054062	2026	18:01	catchmentACS	0.6.0	1790265660	9.1
newbies	1791054062	2026	18:57	BayesAiken	2.0.0	1790269020	9.1
archive	1791054062	2026	19:08	geotech	1.0.1	1790269680	9.1
newbies	1791054062	2026	19:33	geotech	1.0.1	1790271180	9.1
newbies	1791054062	2026	20:17	clusterTrack	0.1.5	1790273820	9
archive	1791054062	2026	22:41	fastglmm	0.4.19	1790282460	8.9
archive	1791054062	2026	23:00	PheValuator	2.2.18	1790283600	8.9
newbies	1791054062	2026	23:09	palettome	1.0.1	1790284140	8.9
newbies	1791054062	2026	23:47	IncAAM	1.8	1790286420	8.9
newbies	1791054062	2026	01:38	rgrind	0.1.0	1790293080	8.8
newbies	1791054062	2026	06:12	forecastsuite	1.0.1	1790309520	8.6
newbies	1791054062	2026	06:26	rsDCM	0.1.0	1790310360	8.6
newbies	1791054062	2026	07:46	datascan	0.1.1	1790315160	8.6
archive	1791054062	2026	07:55	lillardhaz	1.0.0	1790315700	8.5
newbies	1791054062	2026	08:10	delta.sharing	0.2.1	1790316600	8.5
newbies	1791054062	2026	13:05	lillardhaz	1.0.0	1790334300	8.3
newbies	1791054062	2026	13:12	divoRce	1.0-0	1790334720	8.3
newbies	1791054062	2026	13:23	BayesRE	0.1.0	1790335380	8.3
archive	1791054062	2026	13:39	hestia	0.1.0	1790336340	8.3
newbies	1791054062	2026	14:00	causaljudgment	0.1.0	1790337600	8.3
archive	1791054062	2026	14:18	irlba	2.4.0	1790338680	8.3
newbies	1791054062	2026	14:41	bones	0.1.0	1790340060	8.3
archive	1791054062	2026	14:52	evgmrf	0.1.0	1790340720	8.3
newbies	1791054062	2026	15:30	evgmrf	0.1.0	1790343000	8.2
archive	1791054062	2026	15:38	rambur	0.5.2	1790343480	8.2
newbies	1791054062	2026	16:20	ggmGraphEditor	0.1.0	1790346000	8.2
newbies	1791054062	2026	16:31	ambs	0.1.0	1790346660	8.2
archive	1791054062	2026	17:15	flowz	0.1.0	1790349300	8.2
archive	1791054062	2026	17:38	zuxml	0.1.0	1790350680	8.1
newbies	1791054062	2026	17:43	zuhtml	0.1.0	1790350980	8.1
newbies	1791054062	2026	17:50	zukomp	0.1.0	1790351400	8.1
archive	1791054062	2026	18:01	ieugwasr	1.2.0	1790352060	8.1
newbies	1791054062	2026	18:15	rambur	0.5.4	1790352900	8.1
newbies	1791054062	2026	18:16	opentimsr	1.2.0	1790352960	8.1
newbies	1791054062	2026	18:27	BDIB	0.1.0	1790353620	8.1
newbies	1791054062	2026	18:42	ggextreme	0.1.0	1790354520	8.1
newbies	1791054062	2026	19:05	actiplot	0.1.0	1790355900	8.1
newbies	1791054062	2026	19:14	actisomni	0.2.0	1790356440	8.1
archive	1791054062	2026	19:29	fastglmm	0.4.20	1790357340	8.1
archive	1791054062	2026	20:20	lambdastar	0.8.0	1790360400	8
archive	1791054062	2026	21:31	rTARDIS	2.0.0	1790364660	8
newbies	1791054062	2026	21:48	BiasedMatch	0.1.0	1790365680	8
archive	1791054062	2026	22:28	electedBR	0.1.0	1790368080	7.9
newbies	1791054062	2026	23:34	fastglmm	0.4.21	1790372040	7.9
newbies	1791054062	2026	23:57	electedBR	0.1.0	1790373420	7.9
newbies	1791054062	2026	00:11	ApproxOp	0.1.0	1790374260	7.9
archive	1791054062	2026	00:25	apsimwise	0.1.0	1790375100	7.9
newbies	1791054062	2026	00:30	betbetter	0.1.0	1790375400	7.9
newbies	1791054062	2026	00:49	scorecraft	0.3.0	1790376540	7.8
newbies	1791054062	2026	01:33	hal	0.1.4	1790379180	7.8
newbies	1791054062	2026	03:01	b3gbi	1.1.1	1790384460	7.8
newbies	1791054062	2026	05:12	GarrettRank	0.1.5	1790392320	7.7
newbies	1791054062	2026	05:31	hilldiv3	3.0.0	1790393460	7.6
newbies	1791054062	2026	06:04	tulpaObs	0.3.0	1790395440	7.6
archive	1791054062	2026	07:01	RTFBoost	0.1.0	1790398860	7.6
archive	1791054062	2026	08:38	sas2r	0.5.5	1790404680	7.5
newbies	1791054062	2026	08:55	flowz	0.1.0	1790405700	7.5
newbies	1791054062	2026	09:51	RTFBoost	0.1.0	1790409060	7.5
newbies	1791054062	2026	11:52	lambdastar	0.8.1	1790416320	7.4
newbies	1791054062	2026	12:04	oeis.tools	0.3.1	1790417040	7.4
archive	1791054062	2026	14:07	pmxcode	0.3.3	1790424420	7.3
newbies	1791054062	2026	15:02	nomologR	0.3.0	1790427720	7.2
archive	1791054062	2026	15:37	hsquared	0.9.0	1790429820	7.2
newbies	1791054062	2026	17:57	installationDriver	1.0	1790438220	7.1
newbies	1791054062	2026	18:11	aersn	0.2.3	1790439060	7.1
newbies	1791054062	2026	18:47	spatialcvR	0.1.0	1790441220	7.1
newbies	1791054062	2026	19:14	BBMBC	0.1.0	1790442840	7.1
newbies	1791054062	2026	20:11	irw	1.3.0	1790446260	7
archive	1791054062	2026	20:41	aquats	1.2.1	1790448060	7
newbies	1791054062	2026	23:25	citydistR	0.1.0	1790457900	6.9
newbies	1791054062	2026	23:27	regsensitivity	0.2.0	1790458020	6.9
newbies	1791054062	2026	03:25	PheValuator	2.2.18	1790472300	6.7
newbies	1791054062	2026	03:30	zinbcdpmm	0.1.0	1790472600	6.7
archive	1791054062	2026	04:58	POEM	1.0.0	1790477880	6.7
archive	1791054062	2026	06:44	metaplus	1.0-10	1790484240	6.6
newbies	1791054062	2026	08:25	charr	0.1.0	1790490300	6.5
newbies	1791054062	2026	11:02	glymotif	1.0.0	1790499720	6.4
newbies	1791054062	2026	11:07	EDI	1.0.2	1790500020	6.4
archive	1791054062	2026	11:08	repo.data	0.2.5	1790500080	6.4
newbies	1791054062	2026	11:50	BiFactorCopulaGAMM	0.1.9	1790502600	6.4
newbies	1791054062	2026	16:30	pecme	0.1.1	1790519400	6.2
archive	1791054062	2026	17:39	turfLP	0.2.0	1790523540	6.1
archive	1791054062	2026	17:49	Dynet	0.5.0	1790524140	6.1
newbies	1791054062	2026	18:14	turfLP	0.2.0	1790525640	6.1
newbies	1791054062	2026	19:54	Dynet	0.5.1	1790531640	6
archive	1791054062	2026	21:17	seowebchecker	1.0.0	1790536620	6
archive	1791054062	2026	21:24	redbookperu	0.1.0	1790537040	6
archive	1791054062	2026	21:31	learnr2	0.1.0	1790537460	6
newbies	1791054062	2026	22:55	learnr2	0.1.1	1790542500	5.9
archive	1791054062	2026	23:47	citesperu	0.1.0	1790545620	5.9
newbies	1791054062	2026	01:12	pricebundlingSim	0.1.0	1790550720	5.8
newbies	1791054062	2026	02:32	decisionfacets	0.1.0	1790555520	5.8
newbies	1791054062	2026	02:37	dragonfarm	0.3.3	1790555820	5.8
newbies	1791054062	2026	02:46	metaweave	0.4.1	1790556360	5.8
newbies	1791054062	2026	02:51	coldstart	0.1.0	1790556660	5.8
newbies	1791054062	2026	02:53	driftwatch	0.1.0	1790556780	5.8
newbies	1791054062	2026	02:54	retestR	0.1.0	1790556840	5.8
newbies	1791054062	2026	02:55	throughyear	0.1.0	1790556900	5.8
newbies	1791054062	2026	02:56	transDIF	0.1.0	1790556960	5.8
newbies	1791054062	2026	04:40	concurve	3.0.5	1790563200	5.7
newbies	1791054062	2026	04:44	citesperu	0.1.0	1790563440	5.7
newbies	1791054062	2026	07:27	silentema	1.0.0	1790573220	5.6
newbies	1791054062	2026	08:10	tsahr	0.2.8.17	1790575800	5.5
newbies	1791054062	2026	08:36	kpe	0.1.0	1790577360	5.5
archive	1791054062	2026	10:14	heterogeneouspeereffects	0.1.0	1790583240	5.4
archive	1791054062	2026	10:15	drda	2.1.0	1790583300	5.4
newbies	1791054062	2026	10:39	aquats	1.2.1	1790584740	5.4
newbies	1791054062	2026	11:08	KeyNubLicDongle	1.1.1	1790586480	5.4
archive	1791054062	2026	11:22	TrendSLR	2.0.0	1790587320	5.4
archive	1791054062	2026	11:41	forestat	1.2.0	1790588460	5.4
newbies	1791054062	2026	12:12	heterogeneouspeereffects	0.1.0	1790590320	5.4
newbies	1791054062	2026	12:19	l1penSVMs	0.1.0	1790590740	5.4
newbies	1791054062	2026	13:07	ET0TempModels	1.0.0	1790593620	5.3
newbies	1791054062	2026	13:11	TrendSLR	2.0.0	1790593860	5.3
newbies	1791054062	2026	13:46	BoxDensityPlot	0.1.0	1790595960	5.3
newbies	1791054062	2026	13:52	tradesimr	0.18.7	1790596320	5.3
newbies	1791054062	2026	14:08	ardea	0.0.9	1790597280	5.3
newbies	1791054062	2026	14:48	robotstxtr	0.3.0	1790599680	5.3
newbies	1791054062	2026	15:14	tidymatrix	0.1.0	1790601240	5.2
newbies	1791054062	2026	15:17	rTARDIS	2.0.0	1790601420	5.2
newbies	1791054062	2026	15:22	rWind	1.2.0	1790601720	5.2
newbies	1791054062	2026	15:28	seqbench	0.1.0	1790602080	5.2
newbies	1791054062	2026	16:55	taruwind	0.1.0	1790607300	5.2
archive	1791054062	2026	17:26	OceanTracer	1.0.1	1790609160	5.1
newbies	1791054062	2026	18:26	cndplantanalysis	1.0.1	1790612760	5.1
newbies	1791054062	2026	18:30	metalabr	1.0.0	1790613000	5.1
newbies	1791054062	2026	19:18	caples	0.1.0	1790615880	5.1
newbies	1791054062	2026	20:08	rMCHSPTT	0.1.0	1790618880	5
archive	1791054062	2026	20:45	land4health	0.3.0	1790621100	5
newbies	1791054062	2026	20:47	sbert	0.5.5	1790621220	5
newbies	1791054062	2026	20:58	adlaplace	0.7.3	1790621880	5
newbies	1791054062	2026	21:18	land4health	0.3.0	1790623080	5
newbies	1791054062	2026	21:20	SINT	0.1.0	1790623200	5
archive	1791054062	2026	21:21	UMDA	0.1.0	1790623260	5
newbies	1791054062	2026	00:44	SyncER	1.0.0	1790635440	4.8
newbies	1791054062	2026	05:43	gtxlsx	0.4.0	1790653380	4.6
newbies	1791054062	2026	08:50	sas2r	0.5.8	1790664600	4.5
newbies	1791054062	2026	09:17	VasGBIF	3.7.1	1790666220	4.5
archive	1791054062	2026	09:21	NormGen	0.0.2	1790666460	4.5
archive	1791054062	2026	09:36	NormGen	0.0.4	1790667360	4.5
archive	1791054062	2026	10:33	ConvergeR	0.99.0	1790670780	4.4
archive	1791054062	2026	10:43	gg.sn	0.1.1	1790671380	4.4
archive	1791054062	2026	11:21	proxymix	0.16.0	1790673660	4.4
newbies	1791054062	2026	11:50	KOTORY	0.1.0	1790675400	4.4
archive	1791054062	2026	11:56	immunread	0.1.0	1790675760	4.4
archive	1791054062	2026	13:27	GeoIndexR	0.1.0	1790681220	4.3
archive	1791054062	2026	13:29	gllvmTMB	0.7.1	1790681340	4.3
newbies	1791054062	2026	13:53	qdfauction	1.0.0	1790682780	4.3
newbies	1791054062	2026	14:00	hsquared	0.9.0	1790683200	4.3
archive	1791054062	2026	14:02	tidycreel	8.0.0	1790683320	4.3
newbies	1791054062	2026	16:28	globalmacrodata	1.2.0	1790692080	4.2
archive	1791054062	2026	17:21	xlamisc	0.5.0.9000	1790695260	4.2
archive	1791054062	2026	17:47	nrMCmix	0.0	1790696820	4.1
archive	1791054062	2026	19:02	BET	0.6.0	1790701320	4.1
archive	1791054062	2026	22:49	toro	0.2.0	1790714940	3.9
newbies	1791054062	2026	23:39	PairedRand	0.1.0	1790717940	3.9
archive	1791054062	2026	23:56	MRCIGVAR	0.1.0	1790718960	3.9
newbies	1791054062	2026	00:14	RCPA4	1.0.0	1790720040	3.9
newbies	1791054062	2026	01:30	proxymix	0.16.0	1790724600	3.8
archive	1791054062	2026	01:37	flexOR	1.0.1	1790725020	3.8
archive	1791054062	2026	13:11	aidR	0.2.0	1790766660	3.3
archive	1791054062	2026	13:11	triplclust	1.0.0	1790766660	3.3
newbies	1791054062	2026	13:15	zstd	0.1.0	1790766900	3.3
archive	1791054062	2026	13:16	FastJM	1.7.2	1790766960	3.3
newbies	1791054062	2026	13:17	IFFuzzyStats	0.1.0	1790767020	3.3
newbies	1791054062	2026	13:19	xlamisc	0.5.1	1790767140	3.3
newbies	1791054062	2026	13:21	BayGMST	0.1.0	1790767260	3.3
newbies	1791054062	2026	13:22	coiR	0.1.0	1790767320	3.3
newbies	1791054062	2026	13:22	ldpdist	0.1.0	1790767320	3.3
newbies	1791054062	2026	13:22	zucrypt	0.1.0	1790767320	3.3
archive	1791054062	2026	13:23	HTSeedViab	1.0.0	1790767380	3.3
newbies	1791054062	2026	13:23	progme	0.1.0	1790767380	3.3
newbies	1791054062	2026	13:23	stagelife	0.1.0	1790767380	3.3
waiting	1791054062	2026	14:04	trialdiff	0.2.1	1790769840	3.3
archive	1791054062	2026	14:05	clampSeg	1.3-0	1790769900	3.3
newbies	1791054062	2026	14:10	ocupacoesBR	0.8.2	1790770200	3.3
archive	1791054062	2026	15:16	dasklyr	0.1.0	1790774160	3.2
archive	1791054062	2026	16:21	aidR	0.2.1	1790778060	3.2
newbies	1791054062	2026	16:40	DiagnostySize	0.1.0	1790779200	3.2
newbies	1791054062	2026	16:43	hdrm	1.0.0	1790779380	3.2
newbies	1791054062	2026	16:44	PICOTsize	0.1.0	1790779440	3.2
newbies	1791054062	2026	16:46	UMDA	0.1.0	1790779560	3.2
newbies	1791054062	2026	16:47	SeqNet	1.1.4	1790779620	3.2
newbies	1791054062	2026	16:48	sbwadjust	0.3.0	1790779680	3.2
newbies	1791054062	2026	16:53	rjd3filters	2.4.0	1790779980	3.2
newbies	1791054062	2026	16:59	menstrualcycleR	1.1.0	1790780340	3.2
newbies	1791054062	2026	17:10	tidymedia	0.2.1	1790781000	3.2
archive	1791054062	2026	17:19	polyglotSQL	0.1.2	1790781540	3.2
newbies	1791054062	2026	17:20	tRowel	0.1	1790781600	3.2
newbies	1791054062	2026	17:22	NormGen	0.0.5	1790781720	3.2
newbies	1791054062	2026	17:25	symtests	0.1.0	1790781900	3.2
newbies	1791054062	2026	17:26	ConvergeR	0.99.1	1790781960	3.1
newbies	1791054062	2026	17:26	GeoIndexR	0.1.0	1790781960	3.1
newbies	1791054062	2026	17:33	powerutilities	0.7.0	1790782380	3.1
archive	1791054062	2026	17:47	nrMCmix	0.1	1790783220	3.1
newbies	1791054062	2026	17:54	forensicR	0.0.6	1790783640	3.1
newbies	1791054062	2026	18:01	toeclim	0.1.0	1790784060	3.1
newbies	1791054062	2026	18:36	ezrsurvey	0.7.0	1790786160	3.1
archive	1791054062	2026	18:49	fishboot	1.0.4	1790786940	3.1
newbies	1791054062	2026	19:04	NSCA	0.4.5	1790787840	3.1
newbies	1791054062	2026	19:08	wordbankr	2.0.0	1790788080	3.1
newbies	1791054062	2026	19:19	EZRShiny	0.1.0	1790788740	3.1
waiting	1791054062	2026	19:34	tinyshinyserver	0.3.0	1790789640	3.1
newbies	1791054062	2026	20:00	foresightr	0.1.1	1790791200	3
newbies	1791054062	2026	20:36	tidycreel	8.0.0	1790793360	3
newbies	1791054062	2026	21:05	dbcturbo	0.2.0	1790795100	3
archive	1791054062	2026	21:43	retroglyph	0.0.7	1790797380	3
archive	1791054062	2026	21:48	FlexRL	1.0.0	1790797680	3
archive	1791054062	2026	21:55	CUNYsports	0.1.0	1790798100	3
newbies	1791054062	2026	21:59	ResistantProcrustes	0.1.1	1790798340	3
newbies	1791054062	2026	22:08	irelink	0.0.1	1790798880	3
newbies	1791054062	2026	22:55	mongolmaps	0.1.0	1790801700	2.9
archive	1791054062	2026	23:11	EnvRtype	0.1.0	1790802660	2.9
archive	1791054062	2026	23:14	flexsdm	1.4.1	1790802840	2.9
newbies	1791054062	2026	23:31	TSGenerator	2.0.0	1790803860	2.9
newbies	1791054062	2026	00:36	MCAtools	1.0.0	1790807760	2.9
newbies	1791054062	2026	02:42	cdiscdata	0.2.0	1790815320	2.8
newbies	1791054062	2026	02:44	rtemis.draw	0.5.3	1790815440	2.8
archive	1791054062	2026	03:36	tabby	0.0.1	1790818560	2.7
newbies	1791054062	2026	05:18	doubletrs	0.1.0	1790824680	2.7
newbies	1791054062	2026	05:19	pnotp	0.1.0	1790824740	2.7
newbies	1791054062	2026	06:10	perufaunads004	0.1.0	1790827800	2.6
archive	1791054062	2026	07:51	enviPathR	1.0.0	1790833860	2.5
newbies	1791054062	2026	08:04	nrMCmix	0.2	1790834640	2.5
archive	1791054062	2026	09:21	aidR	0.2.2	1790839260	2.5
archive	1791054062	2026	10:12	rcosmo	1.1.5	1790842320	2.5
archive	1791054062	2026	10:12	rxode2	5.1.8	1790842320	2.5
newbies	1791054062	2026	10:18	epidist	1.0.0	1790842680	2.4
newbies	1791054062	2026	10:22	apsimwise	0.1.0	1790842920	2.4
archive	1791054062	2026	11:17	fmsb	0.7.8	1790846220	2.4
newbies	1791054062	2026	11:18	sds	0.3.0	1790846280	2.4
newbies	1791054062	2026	11:23	sampleone	0.1.0	1790846580	2.4
newbies	1791054062	2026	11:30	GreenManureR	0.1.0	1790847000	2.4
newbies	1791054062	2026	11:43	enhancedTtest	0.1.0	1790847780	2.4
newbies	1791054062	2026	12:05	rjd3highfreq	3.0.1	1790849100	2.4
newbies	1791054062	2026	13:45	RDML7	1.0.1	1790855100	2.3
archive	1791054062	2026	16:39	appkitr	2.0.0.4	1790865540	2.2
newbies	1791054062	2026	17:46	lczexplore	0.1.1	1790869560	2.1
newbies	1791054062	2026	19:40	EnvRtype	0.1.2	1790876400	2.1
newbies	1791054062	2026	19:56	BreedReliabR	0.1.1	1790877360	2
newbies	1791054062	2026	20:26	CUNYsports	0.1.0	1790879160	2
waiting	1791054062	2026	20:41	dbscan	1.2.7	1790880060	2
archive	1791054062	2026	21:27	AgMate	0.1.1	1790882820	2
newbies	1791054062	2026	22:30	frostlake	0.1.0	1790886600	1.9
newbies	1791054062	2026	23:22	flexsdm	1.4.1	1790889720	1.9
archive	1791054062	2026	23:35	BaHZING	1.1.0	1790890500	1.9
waiting	1791054062	2026	00:17	eratosthenes	1.0.3	1790893020	1.9
archive	1791054062	2026	00:22	medicalcoder	0.10.0	1790893320	1.9
newbies	1791054062	2026	00:48	RBMRB	3.0.0	1790894880	1.8
archive	1791054062	2026	01:00	lapop	2.2	1790895600	1.8
newbies	1791054062	2026	01:56	ggaltdata	0.1.0	1790898960	1.8
newbies	1791054062	2026	02:41	cam2model	0.3.0	1790901660	1.8
newbies	1791054062	2026	02:58	enviPathR	1.0.0	1790902680	1.8
archive	1791054062	2026	03:26	OpenSpecy	2.0.0	1790904360	1.7
waiting	1791054062	2026	04:22	toro	0.2.0	1790907720	1.7
archive	1791054062	2026	05:34	tppcm	0.1.0	1790912040	1.6
archive	1791054062	2026	06:20	ltvlms	0.1.0	1790914800	1.6
newbies	1791054062	2026	08:50	aidR	0.2.3	1790923800	1.5
newbies	1791054062	2026	09:15	sandwichrand	1.0.0	1790925300	1.5
newbies	1791054062	2026	09:42	tppcm	0.1.0	1790926920	1.5
archive	1791054062	2026	10:06	freesurferformats	1.1.1	1790928360	1.5
archive	1791054062	2026	10:31	gedi2	2.3.6	1790929860	1.4
archive	1791054062	2026	11:03	specProc	0.8.2	1790931780	1.4
newbies	1791054062	2026	12:34	specProc	0.8.3	1790937240	1.4
archive	1791054062	2026	12:48	surveyplanning	4.1	1790938080	1.3
newbies	1791054062	2026	13:11	h2oplyr	0.2.6	1790939460	1.3
newbies	1791054062	2026	13:20	gllvmTMB	0.7.1	1790940000	1.3
newbies	1791054062	2026	14:46	eqty.sdk.r	0.9.2	1790945160	1.3
newbies	1791054062	2026	14:55	brochure	1.0.0	1790945700	1.3
archive	1791054062	2026	15:09	mlim	0.6.0	1790946540	1.2
newbies	1791054062	2026	15:12	quicopt	0.1.1	1790946720	1.2
archive	1791054062	2026	15:45	ALSdownloadeR	0.2.0	1790948700	1.2
newbies	1791054062	2026	15:54	theeuh	0.1.5	1790949240	1.2
newbies	1791054062	2026	16:03	scNPM	1.0.6	1790949780	1.2
archive	1791054062	2026	16:17	RDelta	0.1.0	1790950620	1.2
newbies	1791054062	2026	16:51	jekylldown	0.3.4	1790952660	1.2
archive	1791054062	2026	16:53	corridoR	0.1.0	1790952780	1.2
newbies	1791054062	2026	18:05	flexOR	1.0.2	1790957100	1.1
newbies	1791054062	2026	18:08	corridoR	0.1.0	1790957280	1.1
archive	1791054062	2026	18:18	FARM.eval	1.0.0	1790957880	1.1
newbies	1791054062	2026	18:19	retroglyph	0.0.9	1790957940	1.1
newbies	1791054062	2026	18:33	FARM.eval	1.0.0	1790958780	1.1
archive	1791054062	2026	18:38	DAGassist	0.3.1	1790959080	1.1
newbies	1791054062	2026	19:06	twoPhaseSens	0.1.0	1790960760	1.1
archive	1791054062	2026	19:13	foresightr	0.1.0	1790961180	1.1
newbies	1791054062	2026	19:13	phylopred	0.1.0	1790961180	1.1
archive	1791054062	2026	19:14	doubletrs	0.1.0	1790961240	1.1
waiting	1791054062	2026	19:39	lboxcox	2.0.1	1790962740	1.1
waiting	1791054062	2026	20:01	mlim	0.6.0	1790964060	1
newbies	1791054062	2026	20:16	glmmpa	1.0.0	1790964960	1
archive	1791054062	2026	20:31	powerup	0.3.1	1790965860	1
newbies	1791054062	2026	20:50	powerup	0.3.1	1790967000	1
newbies	1791054062	2026	20:53	n3d	0.1.0	1790967180	1
archive	1791054062	2026	21:27	ctoclient	0.2.2	1790969220	1
archive	1791054062	2026	21:33	publicdataau	0.4.0	1790969580	1
newbies	1791054062	2026	21:46	RDelta	0.1.0	1790970360	1
newbies	1791054062	2026	22:00	ggcolonviz	0.0.6	1790971200	1
newbies	1791054062	2026	22:00	publicdataau	0.4.1	1790971200	1
newbies	1791054062	2026	22:17	censusindia	0.2.0	1790972220	0.9
newbies	1791054062	2026	22:29	SurveySolutionsAPIv2	0.1.2	1790972940	0.9
newbies	1791054062	2026	23:00	RTrino	0.1.0	1790974800	0.9
archive	1791054062	2026	23:43	datablinder	0.1.0	1790977380	0.9
newbies	1791054062	2026	23:57	rladybugdb	0.4.4	1790978220	0.9
newbies	1791054062	2026	02:01	ltvlms	0.1.0	1790985660	0.8
archive	1791054062	2026	02:25	tidyMacro	1.0.0	1790987100	0.8
waiting	1791054062	2026	02:34	irlba	2.4.1	1790987640	0.8
newbies	1791054062	2026	05:10	netmatchRI	0.1.0	1790997000	0.7
newbies	1791054062	2026	06:09	ordenaR	1.0.0	1791000540	0.6
newbies	1791054062	2026	06:29	trialfigs	0.1.0	1791001740	0.6
archive	1791054062	2026	06:56	simplePHENOTYPES	1.3.1	1791003360	0.6
newbies	1791054062	2026	08:11	zucsv	0.1.0	1791007860	0.5
archive	1791054062	2026	08:49	jwcalendarR	0.1.0	1791010140	0.5
newbies	1791054062	2026	09:42	SpectralMM	0.1.0	1791013320	0.5
inspect	1791054062	2026	09:57	SouthParkRshiny	1.1.0	1791014220	0.5
newbies	1791054062	2026	11:50	tidyMacro	1.0.0	1791021000	0.4
newbies	1791054062	2026	11:57	PrismR	1.0.0	1791021420	0.4
archive	1791054062	2026	12:00	morph	1.2.0	1791021600	0.4
newbies	1791054062	2026	12:17	rcosmo	1.1.5	1791022620	0.4
archive	1791054062	2026	13:53	yaleBraille	0.2.3	1791028380	0.3
newbies	1791054062	2026	14:05	dasklyr	0.1.1	1791029100	0.3
newbies	1791054062	2026	14:42	yaleBraille	0.2.3	1791031320	0.3
inspect	1791054062	2026	14:45	insectecol	1.1.0	1791031500	0.3
newbies	1791054062	2026	15:04	writeLog	0.1.0	1791032640	0.2
archive	1791054062	2026	16:24	RBJGRR	0.1.0	1791037440	0.2
inspect	1791054062	2026	17:19	fmsb	0.7.8	1791040740	0.2
inspect	1791054062	2026	18:01	SII	1.3.0	1791043260	0.1
newbies	1791054062	2026	18:08	RBJGRR	0.1.1	1791043680	0.1
newbies	1791054062	2026	18:25	rjsf	0.1.0	1791044700	0.1
inspect	1791054062	2026	18:49	caustests	1.1.5	1791046140	0.1
waiting	1791054062	2026	18:50	simplePHENOTYPES	1.3.1	1791046200	0.1
pretest	1791054062	2026	18:51	ardlverse	2.1.0	1791046260	0.1
pretest	1791054062	2026	18:54	fbardl	1.2.0	1791046440	0.1
pretest	1791054062	2026	18:54	fqardl	1.1.0	1791046440	0.1
pretest	1791054062	2026	18:55	cointests	1.1.1	1791046500	0.1
pretest	1791054062	2026	18:55	mvardlurt	1.1.1	1791046500	0.1
